Task,,reconstruction,reconstruction,reconstruction,reconstruction,summarization,summarization,summarization,summarization
Metric,,BERTScore,Rouge1,Rouge2,RougeL,BERTScore,Rouge1,Rouge2,RougeL
Compression_Ratio,Style,,,,,,,,
0.25,extractive,0.10606060606060606,0.15151515151515152,0.03125,0.10606060606060606,1.0,1.0,1.0,1.0
0.25,for_qa,0.045694603903559124,0.07646383467278989,0.015873015873015872,0.045694603903559124,,,,
0.25,for_reasoning,0.2261768082663605,0.27233065442020665,0.12405372405372406,0.2261768082663605,,,,
0.25,for_reconstruction,0.19696969696969696,0.22727272727272727,0.0625,0.19696969696969696,,,,
0.25,for_summarization,0.10699300699300698,0.1372960372960373,0.03149801587301587,0.10699300699300698,,,,
0.25,selective-context,0.4029850746268657,0.4029850746268657,0.38461538461538464,0.4029850746268657,,,,
0.25,vanilla,0.2608901515151515,0.30729166666666663,0.11088709677419355,0.2608901515151515,1.0,1.0,1.0,1.0
